{"theta0": 8481.763382854526, "theta1": -0.021279335707079478}